dropout,batchsize,epochs,patience,layers,window_Size,train_loss,val_los,best_so_far
0.3,64,50,5,"[64, 32]",48,0.0010866721859201789,5.1941238780273125e-05,True
0.3,64,50,5,"[64, 32]",72,0.0011273152194917202,5.7060438848566264e-05,False
0.3,64,50,5,"[64, 32]",96,0.0011061289114877582,1.7736712834448554e-05,True
0.3,64,50,5,"[64, 32]",120,0.0010947752743959427,0.0001592097687534988,False
0.3,64,50,5,"[128, 64]",48,0.0006444814498536289,2.6228244678350165e-05,False
0.3,64,50,5,"[128, 64]",72,0.0005866909050382674,1.4482950064120814e-05,True
0.3,64,50,5,"[128, 64]",96,0.000610008486546576,1.1914440619875677e-05,True
0.3,64,50,5,"[128, 64]",120,0.0006112779956310987,1.1644813639577478e-05,True
0.3,64,50,5,"[256, 128]",48,0.0003632500011008233,1.0481189747224562e-05,True
0.3,64,50,5,"[256, 128]",72,0.0003698841028381139,1.6631323887850158e-05,False
0.3,64,50,5,"[256, 128]",96,0.0003649344725999981,2.117504300258588e-05,False
0.3,64,50,5,"[256, 128]",120,0.0003420705033931881,3.0679126211907715e-05,False
0.3,64,50,5,"[128, 64, 32]",48,0.0011544730514287949,3.256763011449948e-05,False
0.3,64,50,5,"[128, 64, 32]",72,0.0011605751933529973,0.000593193166423589,False
0.3,64,50,5,"[128, 64, 32]",96,0.00107586442027241,4.0461072785547e-05,False
0.3,64,50,5,"[128, 64, 32]",120,0.0011372887529432774,2.4961673261714168e-05,False
0.3,64,50,5,"[256, 128, 64]",48,0.0006775848451070487,0.00012757883814629167,False
0.3,64,50,5,"[256, 128, 64]",72,0.0006852480000816286,0.0003057116409763694,False
0.3,64,50,5,"[256, 128, 64]",96,0.0006540754693560302,0.0001800754980649799,False
0.3,64,50,5,"[256, 128, 64]",120,0.0006283000693656504,0.00024078789283521473,False
0.3,64,50,5,"[512, 256, 128]",48,0.00041946646524593234,9.091182437259704e-05,False
0.3,64,50,5,"[512, 256, 128]",72,0.00041156419320032,0.00013247771130409092,False
0.3,64,50,5,"[512, 256, 128]",96,0.0003974056744482368,1.2686988156929146e-05,False
0.3,64,50,5,"[512, 256, 128]",120,0.0003809580812230706,2.2277779862633906e-05,False
0.3,64,50,5,"[64, 64]",48,0.0006302580586634576,2.67292489297688e-05,False
0.3,64,50,5,"[64, 64]",72,0.0005666897632181644,1.9193144908058457e-05,False
0.3,64,50,5,"[64, 64]",96,0.0005890334723517299,0.00012165669613750651,False
0.3,64,50,5,"[64, 64]",120,0.0006041231681592762,1.2850401617470197e-05,False
0.3,64,50,5,"[128, 128]",48,0.00034676698851399124,5.105680975248106e-05,False
0.3,64,50,5,"[128, 128]",72,0.000333546195179224,1.0876715350605082e-05,False
0.3,64,50,5,"[128, 128]",96,0.0003927137586288154,0.00013180807582102716,False
0.3,64,50,5,"[128, 128]",120,0.00035858285264112055,2.1690266294172034e-05,False
0.3,64,50,5,"[256, 256]",48,0.00021225378441158682,0.0001284943864447996,False
0.3,64,50,5,"[256, 256]",72,0.00020203313033562154,2.4449893317068927e-05,False
0.3,64,50,5,"[256, 256]",96,0.00021883788576815277,1.2304120900807902e-05,False
0.3,64,50,5,"[256, 256]",120,0.0002694729482755065,5.802743180538528e-05,False
0.3,64,50,5,"[128, 128, 128]",48,0.0004179515817668289,0.0002887242008000612,False
0.3,64,50,5,"[128, 128, 128]",72,0.0004011656856164336,7.042455399641767e-05,False
0.3,64,50,5,"[128, 128, 128]",96,0.0003872357774525881,2.472800770192407e-05,False
0.3,64,50,5,"[128, 128, 128]",120,0.0004466374812182039,4.942627492710017e-05,False
0.3,64,50,5,"[256, 256, 256]",48,0.0003071257087867707,8.791747677605599e-05,False
0.3,64,50,5,"[256, 256, 256]",72,0.00023205901379697025,2.9350128897931427e-05,False
0.3,64,50,5,"[256, 256, 256]",96,0.0002696677402127534,5.601387601927854e-05,False
0.3,64,50,5,"[256, 256, 256]",120,0.0002504252770449966,8.247483492596075e-05,False
0.3,64,50,5,"[512, 512, 512]",48,0.0002168758655898273,0.00021492007363121957,False
0.3,64,50,5,"[512, 512, 512]",72,0.0006434216047637165,3.157416358590126e-05,False
0.3,64,50,5,"[512, 512, 512]",96,0.00029300115420483053,0.0001389182434650138,False
0.3,64,50,5,"[512, 512, 512]",120,0.00027983871405012906,0.0006004163296893239,False
0.3,64,50,5,"[64, 64, 32, 32]",48,0.001211941009387374,8.67255512275733e-05,False
0.3,64,50,5,"[64, 64, 32, 32]",72,0.0011656712740659714,0.00010897671745624393,False
0.3,64,50,5,"[64, 64, 32, 32]",96,0.001143073895946145,5.103769217384979e-05,False
0.3,64,50,5,"[64, 64, 32, 32]",120,0.0011493249330669641,5.120901914779097e-05,False
0.3,64,50,5,"[128, 128, 64, 64]",48,0.000684487575199455,0.0002840844972524792,False
0.3,64,50,5,"[128, 128, 64, 64]",72,0.000642053026240319,6.313306948868558e-05,False
0.3,64,50,5,"[128, 128, 64, 64]",96,0.0006666933186352253,2.534954546717927e-05,False
0.3,64,50,5,"[128, 128, 64, 64]",120,0.0007338490104302764,3.5336568544153124e-05,False
0.3,64,50,5,"[256, 256, 128, 128]",48,0.0004769108782056719,0.0003296720387879759,False
0.3,64,50,5,"[256, 256, 128, 128]",72,0.0004451822896953672,1.917245208460372e-05,False
0.3,64,50,5,"[256, 256, 128, 128]",96,0.0003691913152579218,1.2979196071682964e-05,False
0.3,64,50,5,"[256, 256, 128, 128]",120,0.00035230303183197975,1.9871102267643437e-05,False
0.3,64,50,5,"[512, 512, 256, 256]",48,0.0003176629834342748,3.1978972401702777e-05,False
0.3,64,50,5,"[512, 512, 256, 256]",72,0.0003012082015629858,0.0003369944461155683,False
0.3,64,50,5,"[512, 512, 256, 256]",96,0.0002751034335233271,1.1607670785451774e-05,False
0.3,64,50,5,"[512, 512, 256, 256]",120,0.0003529961977619678,2.7691434297594242e-05,False
0.3,128,50,5,"[64, 32]",48,0.0011029684683308005,4.941353472531773e-05,False
0.3,128,50,5,"[64, 32]",72,0.001105415285564959,0.0001507487759226933,False
0.3,128,50,5,"[64, 32]",96,0.0010728118941187859,5.137741754879244e-05,False
0.3,128,50,5,"[64, 32]",120,0.0011087830644100904,2.7146434149472043e-05,False
0.3,128,50,5,"[128, 64]",48,0.0006714406772516668,2.1580866814474575e-05,False
0.3,128,50,5,"[128, 64]",72,0.0005888293962925673,1.4631232261308469e-05,False
0.3,128,50,5,"[128, 64]",96,0.0005998402484692633,2.0873130779364146e-05,False
0.3,128,50,5,"[128, 64]",120,0.0006001946167089045,1.5376379451481625e-05,False
0.3,128,50,5,"[256, 128]",48,0.00035845275851897895,1.609635364729911e-05,False
0.3,128,50,5,"[256, 128]",72,0.00035215067327953875,4.035945312352851e-05,False
0.3,128,50,5,"[256, 128]",96,0.00037132573197595775,1.9062812498304993e-05,False
0.3,128,50,5,"[256, 128]",120,0.00040650396840646863,4.669257396017201e-05,False
0.3,128,50,5,"[128, 64, 32]",48,0.0011534865479916334,3.908152211806737e-05,False
0.3,128,50,5,"[128, 64, 32]",72,0.0011781440116465092,2.755612695182208e-05,False
0.3,128,50,5,"[128, 64, 32]",96,0.0011195893166586757,2.4899811251088977e-05,False
0.3,128,50,5,"[128, 64, 32]",120,0.0011452620383352041,2.5148889108095318e-05,False
0.3,128,50,5,"[256, 128, 64]",48,0.0006111428374424577,6.115431460784748e-05,False
0.3,128,50,5,"[256, 128, 64]",72,0.0006491809035651386,4.50181178166531e-05,False
0.3,128,50,5,"[256, 128, 64]",96,0.0006345584988594055,1.727653761918191e-05,False
0.3,128,50,5,"[256, 128, 64]",120,0.0006222542142495513,1.615052497072611e-05,False
0.3,128,50,5,"[512, 256, 128]",48,0.0003670142323244363,3.372287756064907e-05,False
0.3,128,50,5,"[512, 256, 128]",72,0.0004323104803916067,3.605290476116352e-05,False
0.3,128,50,5,"[512, 256, 128]",96,0.0003751056210603565,6.71565649099648e-05,False
0.3,128,50,5,"[512, 256, 128]",120,0.0003961455076932907,0.0002147254126612097,False
0.3,128,50,5,"[64, 64]",48,0.0006709327572025359,0.0001542129903100431,False
0.3,128,50,5,"[64, 64]",72,0.0006092155235819519,3.4390574001008645e-05,False
0.3,128,50,5,"[64, 64]",96,0.0006540226750075817,0.00023568570031784475,False
0.3,128,50,5,"[64, 64]",120,0.0006129656103439629,5.423175753094256e-05,False
0.3,128,50,5,"[128, 128]",48,0.0003683288814499974,2.4245096938102506e-05,False
0.3,128,50,5,"[128, 128]",72,0.0003796018718276173,1.442736538592726e-05,False
0.3,128,50,5,"[128, 128]",96,0.0004129128355998546,6.78212963975966e-05,False
0.3,128,50,5,"[128, 128]",120,0.00034191308077424765,9.90583430393599e-06,True
0.3,128,50,5,"[256, 256]",48,0.0002428372245049104,7.037292380118743e-05,False
0.3,128,50,5,"[256, 256]",72,0.0003034144174307585,4.105052357772365e-05,False
0.3,128,50,5,"[256, 256]",96,0.0002857984509319067,6.975859287194908e-05,False
0.3,128,50,5,"[256, 256]",120,0.0003239892248529941,7.679460395593196e-05,False
0.3,128,50,5,"[128, 128, 128]",48,0.00037401908775791526,1.783383595466148e-05,False
0.3,128,50,5,"[128, 128, 128]",72,0.0004748706705868244,4.719121352536604e-05,False
0.3,128,50,5,"[128, 128, 128]",96,0.000352029426721856,1.571170287206769e-05,False
0.3,128,50,5,"[128, 128, 128]",120,0.0004154953930992633,1.7853704775916412e-05,False
0.3,128,50,5,"[256, 256, 256]",48,0.0003330804465804249,4.14568348787725e-05,False
0.3,128,50,5,"[256, 256, 256]",72,0.00028472801204770803,2.7916888939216733e-05,False
0.3,128,50,5,"[256, 256, 256]",96,0.00026522736879996955,0.00020694389240816236,False
0.3,128,50,5,"[256, 256, 256]",120,0.0002752228465396911,5.16610816703178e-05,False
0.3,128,50,5,"[512, 512, 512]",48,0.00017906098219100386,8.537132998753805e-06,True
0.3,128,50,5,"[512, 512, 512]",72,0.00022672644990962,0.00037762883584946394,False
0.3,128,50,5,"[512, 512, 512]",96,0.00022646250727120787,5.752771539846435e-05,False
0.3,128,50,5,"[512, 512, 512]",120,0.0002715368755161762,4.960913793183863e-05,False
0.3,128,50,5,"[64, 64, 32, 32]",48,0.0011367581319063902,0.00028370681684464216,False
0.3,128,50,5,"[64, 64, 32, 32]",72,0.001138172927312553,0.0002338247577426955,False
0.3,128,50,5,"[64, 64, 32, 32]",96,0.0012236909242346883,9.832603973336518e-05,False
0.3,128,50,5,"[64, 64, 32, 32]",120,0.0011746310628950596,7.416463631670922e-05,False
0.3,128,50,5,"[128, 128, 64, 64]",48,0.0007879111217334867,9.439002315048128e-05,False
0.3,128,50,5,"[128, 128, 64, 64]",72,0.0007016286253929138,2.6818546757567674e-05,False
0.3,128,50,5,"[128, 128, 64, 64]",96,0.0006449391366913915,5.8083023759536445e-05,False
0.3,128,50,5,"[128, 128, 64, 64]",120,0.0006914715631864965,3.5206408938393e-05,False
0.3,128,50,5,"[256, 256, 128, 128]",48,0.0005002070101909339,9.313283953815699e-05,False
0.3,128,50,5,"[256, 256, 128, 128]",72,0.0003700918750837445,8.20407149149105e-05,False
0.3,128,50,5,"[256, 256, 128, 128]",96,0.0003819555859081447,2.181989111704752e-05,False
0.3,128,50,5,"[256, 256, 128, 128]",120,0.0003921709139831364,3.153797661070712e-05,False
0.3,128,50,5,"[512, 512, 256, 256]",48,0.0004071672447025776,7.244499283842742e-05,False
0.3,128,50,5,"[512, 512, 256, 256]",72,0.00030911481007933617,0.0001066407494363375,False
0.3,128,50,5,"[512, 512, 256, 256]",96,0.00043198454659432173,5.4511667258339e-05,False
0.3,128,50,5,"[512, 512, 256, 256]",120,0.0003579348267521709,7.377374276984483e-05,False
0.4,16,50,5,"[64, 32]",48,0.0016884984215721488,1.6115238395286724e-05,False
0.4,16,50,5,"[64, 32]",72,0.0016522298101335764,6.812752690166235e-05,False
0.4,16,50,5,"[64, 32]",96,0.0016635730862617493,1.8064869436784647e-05,False
0.4,16,50,5,"[64, 32]",120,0.0017233517719432712,5.3050360293127596e-05,False
0.4,16,50,5,"[128, 64]",48,0.0009570580441504717,8.11889985925518e-05,False
0.4,16,50,5,"[128, 64]",72,0.0010204579448327422,9.105582284973934e-05,False
0.4,16,50,5,"[128, 64]",96,0.000950232963077724,4.712554073194042e-05,False
0.4,16,50,5,"[128, 64]",120,0.0008737217867746949,4.856138548348099e-05,False
0.4,16,50,5,"[256, 128]",48,0.0005849629524163902,5.250009417068213e-05,False
0.4,16,50,5,"[256, 128]",72,0.0005736301536671817,4.00191311200615e-05,False
0.4,16,50,5,"[256, 128]",96,0.0005294802831485868,5.726284143747762e-05,False
0.4,16,50,5,"[256, 128]",120,0.0005304314545355737,6.850784120615572e-05,False
0.4,16,50,5,"[128, 64, 32]",48,0.0017716038273647428,0.00025860845926217735,False
0.4,16,50,5,"[128, 64, 32]",72,0.0017635574331507087,3.400224159122445e-05,False
0.4,16,50,5,"[128, 64, 32]",96,0.001708100433461368,0.00010302621376467869,False
0.4,16,50,5,"[128, 64, 32]",120,0.0017502157716080546,0.00022716356033924967,False
0.4,16,50,5,"[256, 128, 64]",48,0.0010200001997873187,0.00026004292885772884,False
0.4,16,50,5,"[256, 128, 64]",72,0.0009834310039877892,2.4053788365563378e-05,False
0.4,16,50,5,"[256, 128, 64]",96,0.00100512255448848,0.00019439512107055634,False
0.4,16,50,5,"[256, 128, 64]",120,0.0009631929569877684,0.00037189637077972293,False
0.4,16,50,5,"[512, 256, 128]",48,0.0006247530109249055,0.00017830543220043182,False
0.4,16,50,5,"[512, 256, 128]",72,0.0006356301018968225,0.00034168644924648106,False
0.4,16,50,5,"[512, 256, 128]",96,0.0007905577658675611,4.6280925744213164e-05,False
0.4,16,50,5,"[512, 256, 128]",120,0.0005789141287095845,3.9966726035345346e-05,False
0.4,16,50,5,"[64, 64]",48,0.0009391141938976943,0.00010372840915806592,False
0.4,16,50,5,"[64, 64]",72,0.0009561328333802521,0.000171980558661744,False
0.4,16,50,5,"[64, 64]",96,0.0009525605128146708,4.705000901594758e-05,False
0.4,16,50,5,"[64, 64]",120,0.0009495653794147074,2.892893462558277e-05,False
0.4,16,50,5,"[128, 128]",48,0.0005616758717224002,0.00011301175982225686,False
0.4,16,50,5,"[128, 128]",72,0.0004921983927488327,6.794420187361538e-05,False
0.4,16,50,5,"[128, 128]",96,0.0005593049572780728,1.5867599358898588e-05,False
0.4,16,50,5,"[128, 128]",120,0.0005721409106627107,7.710187492193654e-05,False
0.4,16,50,5,"[256, 256]",48,0.0003082978364545852,1.0190614375460427e-05,False
0.4,16,50,5,"[256, 256]",72,0.0003257399657741189,2.8170346922706813e-05,False
0.4,16,50,5,"[256, 256]",96,0.0003046477504540235,6.95141125106602e-06,True
0.4,16,50,5,"[256, 256]",120,0.0003881732118315995,1.7422333257854916e-05,False
0.4,16,50,5,"[128, 128, 128]",48,0.0005998268024995923,0.00023781158961355686,False
0.4,16,50,5,"[128, 128, 128]",72,0.0005530114867724478,8.458396041532978e-05,False
0.4,16,50,5,"[128, 128, 128]",96,0.0006371900090016425,5.606253398582339e-05,False
0.4,16,50,5,"[128, 128, 128]",120,0.0005792733281850815,0.00031688110902905464,False
0.4,16,50,5,"[256, 256, 256]",48,0.0003487001813482493,0.00010902094072662294,False
0.4,16,50,5,"[256, 256, 256]",72,0.0004459142219275236,0.00014542817370966077,False
0.4,16,50,5,"[256, 256, 256]",96,0.0003704404807649553,1.998602965613827e-05,False
0.4,16,50,5,"[256, 256, 256]",120,0.00043937526061199605,6.22020525042899e-05,False
0.4,16,50,5,"[512, 512, 512]",48,0.00032111050677485764,5.0558519433252513e-05,False
0.4,16,50,5,"[512, 512, 512]",72,0.0003475577395875007,2.2052534404792823e-05,False
0.4,16,50,5,"[512, 512, 512]",96,0.00021643073705490679,1.4715102224727161e-05,False
0.4,16,50,5,"[512, 512, 512]",120,0.001316815847530961,0.0008008760050870478,False
0.4,16,50,5,"[64, 64, 32, 32]",48,0.0016987156122922897,0.0001400010660290718,False
0.4,16,50,5,"[64, 64, 32, 32]",72,0.0018184313084930182,0.0002845576382242143,False
0.4,16,50,5,"[64, 64, 32, 32]",96,0.0018695038743317127,0.0001215082302223891,False
0.4,16,50,5,"[64, 64, 32, 32]",120,0.001744118519127369,0.0007566571002826095,False
0.4,16,50,5,"[128, 128, 64, 64]",48,0.0010348090436309576,0.00023200205760076642,False
0.4,16,50,5,"[128, 128, 64, 64]",72,0.0010314366081729531,7.431220001308247e-05,False
0.4,16,50,5,"[128, 128, 64, 64]",96,0.0009686222765594721,6.262624083319679e-05,False
0.4,16,50,5,"[128, 128, 64, 64]",120,0.0010629192693158984,0.0001281375007238239,False
0.4,16,50,5,"[256, 256, 128, 128]",48,0.0006612479919567704,3.790405025938526e-05,False
0.4,16,50,5,"[256, 256, 128, 128]",72,0.0006268882425501943,8.5199557361193e-05,False
0.4,16,50,5,"[256, 256, 128, 128]",96,0.0006553562125191092,0.00024054967798292637,False
0.4,16,50,5,"[256, 256, 128, 128]",120,0.00055516860447824,0.0007239828701131046,False
0.4,16,50,5,"[512, 512, 256, 256]",48,0.00038922589737921953,0.00018278554489370435,False
0.4,16,50,5,"[512, 512, 256, 256]",72,0.00124012038577348,0.0004804198688361794,False
0.4,16,50,5,"[512, 512, 256, 256]",96,0.0008185558253899217,3.541172554832883e-05,False
0.4,16,50,5,"[512, 512, 256, 256]",120,0.005477568134665489,0.00031944061629474163,False
0.4,32,50,5,"[64, 32]",48,0.0017311311094090343,5.9877540479646996e-05,False
0.4,32,50,5,"[64, 32]",72,0.0016928584082052112,9.409228368895128e-05,False
0.4,32,50,5,"[64, 32]",96,0.00161256967112422,1.272842928301543e-05,False
0.4,32,50,5,"[64, 32]",120,0.001621468341909349,0.0002573543170001358,False
0.4,32,50,5,"[128, 64]",48,0.0009310220484621823,9.538258746033534e-05,False
0.4,32,50,5,"[128, 64]",72,0.0009108307422138751,4.2939744162140414e-05,False
0.4,32,50,5,"[128, 64]",96,0.0009536221041344106,3.9412752812495455e-05,False
0.4,32,50,5,"[128, 64]",120,0.0009225639514625072,5.074268119642511e-05,False
0.4,32,50,5,"[256, 128]",48,0.0005475196521729231,1.2440576028893702e-05,False
0.4,32,50,5,"[256, 128]",72,0.0004868248070124537,6.5831591200549155e-06,True
0.4,32,50,5,"[256, 128]",96,0.0005382464732974768,3.074526466662064e-05,False
0.4,32,50,5,"[256, 128]",120,0.0005703226779587567,4.608607923728414e-05,False
0.4,32,50,5,"[128, 64, 32]",48,0.0017528528114780784,2.5458062737016007e-05,False
0.4,32,50,5,"[128, 64, 32]",72,0.001791429123841226,0.0001267673505935818,False
0.4,32,50,5,"[128, 64, 32]",96,0.0017183327581733465,0.0001352806284558028,False
0.4,32,50,5,"[128, 64, 32]",120,0.001675118925049901,2.5558136258041486e-05,False
0.4,32,50,5,"[256, 128, 64]",48,0.000939580553676933,0.0003993106074631214,False
0.4,32,50,5,"[256, 128, 64]",72,0.0009851099457591772,0.0009131673723459244,False
0.4,32,50,5,"[256, 128, 64]",96,0.0009444993338547647,3.660165020846762e-05,False
0.4,32,50,5,"[256, 128, 64]",120,0.0009472255478613079,2.073390169243794e-05,False
0.4,32,50,5,"[512, 256, 128]",48,0.0005648988299071789,3.304784695501439e-05,False
0.4,32,50,5,"[512, 256, 128]",72,0.0006420229328796268,2.5460996766923927e-05,False
0.4,32,50,5,"[512, 256, 128]",96,0.0005861114477738738,0.0003177762555424124,False
0.4,32,50,5,"[512, 256, 128]",120,0.0015589531976729631,0.0005018157535232604,False
0.4,32,50,5,"[64, 64]",48,0.0009585374500602484,2.430455424473621e-05,False
0.4,32,50,5,"[64, 64]",72,0.0009215278550982475,7.415629806928337e-05,False
0.4,32,50,5,"[64, 64]",96,0.000898478552699089,0.00019430230895522982,False
0.4,32,50,5,"[64, 64]",120,0.0009869569912552834,2.888838753278833e-05,False
0.4,32,50,5,"[128, 128]",48,0.0005024918355047703,1.4135172932583373e-05,False
0.4,32,50,5,"[128, 128]",72,0.0005363139789551497,0.00010402284533483908,False
0.4,32,50,5,"[128, 128]",96,0.0005271127447485924,1.7875312551041134e-05,False
0.4,32,50,5,"[128, 128]",120,0.0005700899637304246,6.051043237675913e-05,False
0.4,32,50,5,"[256, 256]",48,0.000312592281261459,0.00011644999904092401,False
0.4,32,50,5,"[256, 256]",72,0.00028707567253150046,1.4910940080881119e-05,False
0.4,32,50,5,"[256, 256]",96,0.0002856419887393713,7.628731054865057e-06,False
0.4,32,50,5,"[256, 256]",120,0.00030099228024482727,1.0770329936349299e-05,False
0.4,32,50,5,"[128, 128, 128]",48,0.0005688469973392785,0.00022470744443126023,False
0.4,32,50,5,"[128, 128, 128]",72,0.0006033980171196163,0.0002208993537351489,False
0.4,32,50,5,"[128, 128, 128]",96,0.0005718201864510775,9.945060446625575e-05,False
0.4,32,50,5,"[128, 128, 128]",120,0.000545741815585643,5.234509444562718e-05,False
0.4,32,50,5,"[256, 256, 256]",48,0.00042343931272625923,8.075986261246726e-05,False
0.4,32,50,5,"[256, 256, 256]",72,0.0003735270875040442,0.00010666337766451761,False
0.4,32,50,5,"[256, 256, 256]",96,0.0004094475298188627,1.310657444264507e-05,False
0.4,32,50,5,"[256, 256, 256]",120,0.00038724535261280835,7.600823300890625e-05,False
0.4,32,50,5,"[512, 512, 512]",48,0.00036120665026828647,8.687134686624631e-05,False
0.3,16,50,5,"[128, 128, 64, 64]",48,0.0006925790221430361,0.00013618649973068386,True
0.3,16,50,5,"[128, 128, 64, 64]",72,0.0006281318492256105,0.0001432683493476361,False
0.3,16,50,5,"[128, 128, 64, 64]",96,0.0007035682792775333,8.209708175854757e-05,True
0.3,16,50,5,"[128, 128, 64, 64]",120,0.0006809481419622898,2.032026714005042e-05,True
0.3,16,50,5,"[256, 256, 128, 128]",48,0.0004626762238331139,4.31443695561029e-05,False
0.3,16,50,5,"[256, 256, 128, 128]",72,0.00038864786620251834,2.8524629669846036e-05,False
0.3,16,50,5,"[256, 256, 128, 128]",96,0.0004120379453524947,7.082138472469524e-05,False
0.3,16,50,5,"[256, 256, 128, 128]",120,0.00044495839392766356,0.00038850842975080013,False
0.3,16,50,5,"[512, 512, 256, 256]",48,0.00035808433312922716,0.00038692238740622997,False
0.3,16,50,5,"[512, 512, 256, 256]",72,0.0006991776754148304,0.00012586424418259412,False
0.3,16,50,5,"[512, 512, 256, 256]",96,0.0007708482444286346,0.03499796614050865,False
0.3,16,50,5,"[512, 512, 256, 256]",120,0.00037596715264953673,0.0001170675823232159,False
0.3,32,50,5,"[64, 32]",48,0.0011398198548704386,2.911573574237991e-05,False
0.3,32,50,5,"[64, 32]",72,0.0010938753839582205,3.819738776655868e-05,False
0.3,32,50,5,"[64, 32]",96,0.0011395842302590609,4.82680115965195e-05,False
0.3,32,50,5,"[64, 32]",120,0.0010882996721193194,3.1225081329466775e-05,False
0.3,32,50,5,"[128, 64]",48,0.0005842053797096014,3.115456274827011e-05,False
0.3,32,50,5,"[128, 64]",72,0.0006313010235317051,0.00012949957454111427,False
0.3,32,50,5,"[128, 64]",96,0.0006442711455747485,0.00011296026787022129,False
0.3,32,50,5,"[128, 64]",120,0.0005822388338856399,2.6127692763111554e-05,False
0.3,32,50,5,"[256, 128]",48,0.0003509070666041225,4.6206143451854587e-05,False
0.3,32,50,5,"[256, 128]",72,0.00038230078644119203,2.028781091212295e-05,True
0.3,32,50,5,"[256, 128]",96,0.00040023046312853694,1.4503923011943698e-05,True
0.3,32,50,5,"[256, 128]",120,0.00035562130506150424,3.0121233066893183e-05,False
0.3,32,50,5,"[128, 64, 32]",48,0.0011867963476106524,0.00042089258204214275,False
0.3,32,50,5,"[128, 64, 32]",72,0.0012332805199548602,0.00031990575371310115,False
0.3,32,50,5,"[128, 64, 32]",96,0.0011232129763811827,2.5984481908380985e-05,False
0.3,32,50,5,"[128, 64, 32]",120,0.0010990939335897565,2.3256030544871464e-05,False
0.3,32,50,5,"[256, 128, 64]",48,0.0006392624927684665,1.6542149751330726e-05,False
0.3,32,50,5,"[256, 128, 64]",72,0.0006338331731967628,4.287249248591252e-05,False
0.3,32,50,5,"[256, 128, 64]",96,0.0006686746492050588,0.00014010418090038002,False
0.3,32,50,5,"[256, 128, 64]",120,0.000690047163516283,0.00022855149290990084,False
0.3,32,50,5,"[512, 256, 128]",48,0.00038983841659501195,9.307053005613852e-06,True
0.3,32,50,5,"[512, 256, 128]",72,0.00045524531742557883,6.18239282630384e-05,False
0.3,32,50,5,"[512, 256, 128]",96,0.00040424364851787686,0.00018387727322988212,False
0.3,32,50,5,"[512, 256, 128]",120,0.00038372358540073037,1.4001988347445149e-05,False
0.3,32,50,5,"[64, 64]",48,0.0006011596997268498,1.0453833965584636e-05,False
0.3,32,50,5,"[64, 64]",72,0.0005908128805458546,3.54886578861624e-05,False
0.3,32,50,5,"[64, 64]",96,0.00059598678490147,1.549128683109302e-05,False
0.3,32,50,5,"[64, 64]",120,0.000570628501009196,9.529274393571541e-05,False
0.3,32,50,5,"[128, 128]",48,0.000369723595213145,2.8665954232565127e-05,False
0.3,32,50,5,"[128, 128]",72,0.0003524902858771384,1.6604122720309533e-05,False
0.3,32,50,5,"[128, 128]",96,0.0003327362355776131,2.6553458155831322e-05,False
0.3,32,50,5,"[128, 128]",120,0.0004054686869494617,4.343280670582317e-05,False
0.3,32,50,5,"[256, 256]",48,0.00025189202278852463,3.33626740030013e-05,False
0.3,32,50,5,"[256, 256]",72,0.00023442339443136007,1.7434578694519587e-05,False
0.3,32,50,5,"[256, 256]",96,0.0002557869884185493,2.303167639183812e-05,False
0.3,32,50,5,"[256, 256]",120,0.000295087113045156,7.276956603163853e-05,False
0.3,32,50,5,"[128, 128, 128]",48,0.00038666054024361074,1.7654250768828206e-05,False
0.3,32,50,5,"[128, 128, 128]",72,0.00039726466638967395,0.00020201380539219826,False
0.3,32,50,5,"[128, 128, 128]",96,0.0004290071956347674,5.828252324135974e-05,False
0.3,32,50,5,"[128, 128, 128]",120,0.0004084251413587481,0.00021576943981926888,False
0.3,32,50,5,"[256, 256, 256]",48,0.0002873925550375134,4.292314770282246e-05,False
0.3,32,50,5,"[256, 256, 256]",72,0.000265449722064659,6.239086360437796e-05,False
0.3,32,50,5,"[256, 256, 256]",96,0.00022445264039561152,0.0001126038478105329,False
0.3,32,50,5,"[256, 256, 256]",120,0.00021535312407650054,3.511398972477764e-05,False
0.3,32,50,5,"[512, 512, 512]",48,0.00029562271083705127,0.00010762969759525731,False
0.3,32,50,5,"[512, 512, 512]",72,0.00022878478921484202,0.00013104474055580795,False
0.3,32,50,5,"[512, 512, 512]",96,0.0002604700857773423,0.00014528320753015578,False
0.3,32,50,5,"[512, 512, 512]",120,0.00021340684907045215,4.3564003135543317e-05,False
0.3,32,50,5,"[64, 64, 32, 32]",48,0.001269437139853835,9.264243999496102e-05,False
0.3,32,50,5,"[64, 64, 32, 32]",72,0.0011595627292990685,0.00022785166220273823,False
0.3,32,50,5,"[64, 64, 32, 32]",96,0.0011944664875045419,0.0004482317599467933,False
0.3,32,50,5,"[64, 64, 32, 32]",120,0.0011437295470386744,3.729470699909143e-05,False
0.3,32,50,5,"[128, 128, 64, 64]",48,0.0006672653253190219,0.0003533892158884555,False
0.3,32,50,5,"[128, 128, 64, 64]",72,0.0007265435997396708,7.737289706710726e-05,False
0.3,32,50,5,"[128, 128, 64, 64]",96,0.0007466589449904859,0.00026050626183860004,False
0.3,32,50,5,"[128, 128, 64, 64]",120,0.0006797953974455595,0.00011193331010872498,False
0.3,32,50,5,"[256, 256, 128, 128]",48,0.00048061530105769634,8.539130067219958e-05,False
0.3,32,50,5,"[256, 256, 128, 128]",72,0.0004001419001724571,0.00014303707575891167,False
0.3,32,50,5,"[256, 256, 128, 128]",96,0.00038462193333543837,0.00011035370698664337,False
0.3,32,50,5,"[256, 256, 128, 128]",120,0.0004097077762708068,6.62528836983256e-05,False
0.3,32,50,5,"[512, 512, 256, 256]",48,0.0003181534702889621,3.020888652827125e-05,False
0.3,32,50,5,"[512, 512, 256, 256]",72,0.00035262882011011243,0.0001967984135262668,False
0.3,32,50,5,"[512, 512, 256, 256]",96,0.0003026530903298408,0.00017480153474025428,False
0.3,32,50,5,"[512, 512, 256, 256]",120,0.00039873752393759787,0.0003823043662123382,False
0.4,32,50,5,"[512, 512, 512]",72,0.00021100927551742643,6.095791468396783e-05,False
0.4,32,50,5,"[512, 512, 512]",96,0.00030823913402855396,0.00022037223970983177,False
0.4,32,50,5,"[512, 512, 512]",120,0.0015495154075324535,3.1676230719313025e-05,False
0.4,32,50,5,"[64, 64, 32, 32]",48,0.0018066565971821547,0.00010641608241712674,False
0.4,32,50,5,"[64, 64, 32, 32]",72,0.0017508348682895303,5.516647070180625e-05,False
0.4,32,50,5,"[64, 64, 32, 32]",96,0.0016941687790676951,5.2696057537104934e-05,False
0.4,32,50,5,"[64, 64, 32, 32]",120,0.0017171268118545413,4.2169976950390264e-05,False
0.4,32,50,5,"[128, 128, 64, 64]",48,0.0010119974613189697,0.00018573534907773137,False
0.4,32,50,5,"[128, 128, 64, 64]",72,0.001014611916616559,0.0005626881611533463,False
0.4,32,50,5,"[128, 128, 64, 64]",96,0.0010572789469733834,0.00014140928396955132,False
0.4,32,50,5,"[128, 128, 64, 64]",120,0.001014823792502284,7.706096221227199e-05,False
0.4,32,50,5,"[256, 256, 128, 128]",48,0.0005731343990191817,7.472610013792291e-05,False
0.4,32,50,5,"[256, 256, 128, 128]",72,0.0005789414863102138,1.3035554729867727e-05,False
0.4,32,50,5,"[256, 256, 128, 128]",96,0.0005282569909468293,0.00011804719542851672,False
0.4,32,50,5,"[256, 256, 128, 128]",120,0.0006552752456627786,2.4095765184029005e-05,False
0.4,32,50,5,"[512, 512, 256, 256]",48,0.0005204958724789321,0.00027217529714107513,False
0.4,32,50,5,"[512, 512, 256, 256]",72,0.00040981470374390483,4.118633296457119e-05,False
0.4,32,50,5,"[512, 512, 256, 256]",96,0.0005493652424775064,0.0009358478127978742,False
0.4,32,50,5,"[512, 512, 256, 256]",120,0.0004160979588050395,0.0002604560286272317,False
0.4,64,50,5,"[64, 32]",48,0.0016790184890851378,0.0001835142757045105,False
0.4,64,50,5,"[64, 32]",72,0.001639866386540234,1.508738841948798e-05,False
0.4,64,50,5,"[64, 32]",96,0.001680794171988964,2.3806742319720797e-05,False
0.4,64,50,5,"[64, 32]",120,0.0017091777408495545,0.00015550543321296573,False
0.4,64,50,5,"[128, 64]",48,0.0009323363192379475,1.1969170373049565e-05,False
0.4,64,50,5,"[128, 64]",72,0.0009193130536004901,1.8471206203685142e-05,False
0.4,64,50,5,"[128, 64]",96,0.0009291540482081473,7.90762496762909e-05,False
0.4,64,50,5,"[128, 64]",120,0.0008990645292215049,3.236533666495234e-05,False
0.4,64,50,5,"[256, 128]",48,0.0005281154881231487,0.00015770629397593439,False
0.4,64,50,5,"[256, 128]",72,0.000517084205057472,2.2093810912338085e-05,False
0.4,64,50,5,"[256, 128]",96,0.0005679298774339259,0.0001406157243764028,False
0.4,64,50,5,"[256, 128]",120,0.0005035594222135842,0.00017669676162768155,False
0.4,64,50,5,"[128, 64, 32]",48,0.001640412025153637,6.536371074616909e-05,False
0.4,64,50,5,"[128, 64, 32]",72,0.0017141604330390692,7.774130790494382e-05,False
0.4,64,50,5,"[128, 64, 32]",96,0.0016207614680752158,2.1044759705546312e-05,False
0.4,64,50,5,"[128, 64, 32]",120,0.0017725762445479631,0.0001153631747001782,False
0.4,64,50,5,"[256, 128, 64]",48,0.0009274226031266153,3.583054422051646e-05,False
0.4,64,50,5,"[256, 128, 64]",72,0.0009101073374040425,1.6713671357138082e-05,False
0.4,64,50,5,"[256, 128, 64]",96,0.0009553969139233232,0.00011791256110882387,False
0.4,64,50,5,"[256, 128, 64]",120,0.0009045369806699455,0.000280351989204064,False
0.4,64,50,5,"[512, 256, 128]",48,0.000536917825229466,1.796884498617146e-05,False
0.4,64,50,5,"[512, 256, 128]",72,0.0005580378929153085,4.148944572079927e-05,False
0.4,64,50,5,"[512, 256, 128]",96,0.0005550833302550018,1.869140032795258e-05,False
0.4,64,50,5,"[512, 256, 128]",120,0.0005728804972022772,1.885493657027837e-05,False
0.4,64,50,5,"[64, 64]",48,0.0008751388522796333,0.00012272184540051967,False
0.4,64,50,5,"[64, 64]",72,0.0009457304840907454,2.158521419914905e-05,False
0.4,64,50,5,"[64, 64]",96,0.0009353810455650091,8.139052079059184e-05,False
0.4,64,50,5,"[64, 64]",120,0.0009672087617218494,6.597604806302115e-05,False
0.4,64,50,5,"[128, 128]",48,0.0005300077027641237,5.1633127441164106e-05,False
0.4,64,50,5,"[128, 128]",72,0.0005562170408666134,0.0001749564107740298,False
0.4,64,50,5,"[128, 128]",96,0.00048582194722257555,7.181016371760052e-06,True
0.4,64,50,5,"[128, 128]",120,0.0005066127050668001,2.386870255577378e-05,False
0.4,64,50,5,"[256, 256]",48,0.00029619631823152304,9.206219147017691e-06,False
0.4,64,50,5,"[256, 256]",72,0.00035706660128198564,5.690001489710994e-05,False
0.4,64,50,5,"[256, 256]",96,0.0003445427864789963,0.00021617530728690326,False
0.4,64,50,5,"[256, 256]",120,0.000404488731874153,4.3776770326076075e-05,False
0.4,64,50,5,"[128, 128, 128]",48,0.0005629276856780052,9.156101441476494e-05,False
0.4,64,50,5,"[128, 128, 128]",72,0.0005404899711720645,2.285789742018096e-05,False
0.4,64,50,5,"[128, 128, 128]",96,0.0005600831937044859,8.738564065424725e-05,False
0.4,64,50,5,"[128, 128, 128]",120,0.0005645055207423866,0.00014893549086991698,False
0.4,64,50,5,"[256, 256, 256]",48,0.0003666229313239455,0.00014518940588459373,False
0.4,64,50,5,"[256, 256, 256]",72,0.0003867847553920001,3.18613565468695e-05,False
0.4,64,50,5,"[256, 256, 256]",96,0.0003548950480762869,6.478224531747401e-05,False
0.4,64,50,5,"[256, 256, 256]",120,0.0003163460933137685,7.93615763541311e-05,False
0.4,64,50,5,"[512, 512, 512]",48,0.0002937150129582733,0.00023743778001517057,False
0.4,64,50,5,"[512, 512, 512]",72,0.0002775379689410329,0.0002027401642408222,False
0.4,64,50,5,"[512, 512, 512]",96,0.0003032596141565591,0.00030707978294231,False
0.4,64,50,5,"[512, 512, 512]",120,0.0002947261673398316,7.245656161103398e-05,False
0.4,64,50,5,"[64, 64, 32, 32]",48,0.0017877377104014158,0.0002466672158334404,False
0.4,64,50,5,"[64, 64, 32, 32]",72,0.0017495276406407356,4.2504318116698414e-05,False
0.4,64,50,5,"[64, 64, 32, 32]",96,0.001758525613695383,8.173545211320743e-05,False
0.4,64,50,5,"[64, 64, 32, 32]",120,0.0018563203047960997,0.00013247027527540922,False
0.4,64,50,5,"[128, 128, 64, 64]",48,0.0009619998745620251,0.00016159417282324284,False
0.4,64,50,5,"[128, 128, 64, 64]",72,0.0009589669061824679,2.253770435345359e-05,False
0.4,64,50,5,"[128, 128, 64, 64]",96,0.0010204000864177942,0.00014602973533328623,False
0.4,64,50,5,"[128, 128, 64, 64]",120,0.0010681312996894121,0.0003359771508257836,False
0.4,64,50,5,"[256, 256, 128, 128]",48,0.0005792526644654572,0.0003189616836607456,False
0.4,64,50,5,"[256, 256, 128, 128]",72,0.0006435871473513544,0.00026743218768388033,False
0.4,64,50,5,"[256, 256, 128, 128]",96,0.0005992072983644903,0.00011024153354810551,False
0.4,64,50,5,"[256, 256, 128, 128]",120,0.0006276632775552571,7.917013863334432e-05,False
0.4,64,50,5,"[512, 512, 256, 256]",48,0.00044199699186719954,8.894021448213607e-05,False
0.4,64,50,5,"[512, 512, 256, 256]",72,0.0003971091064158827,3.968116652686149e-05,False
0.4,64,50,5,"[512, 512, 256, 256]",96,0.000389067834476009,2.0203786334604956e-05,False
0.4,64,50,5,"[512, 512, 256, 256]",120,0.00044642764260061085,8.32282894407399e-05,False
0.4,128,50,5,"[64, 32]",48,0.001598424045369029,2.0641105948016047e-05,False
0.4,128,50,5,"[64, 32]",72,0.001661123358644545,2.4913939341786318e-05,False
0.4,128,50,5,"[64, 32]",96,0.001651235157623887,3.448019197094254e-05,False
0.4,128,50,5,"[64, 32]",120,0.001668549608439207,0.00011244845518376678,False
0.4,128,50,5,"[128, 64]",48,0.0008720204932615161,2.0309380488470197e-05,False
0.4,128,50,5,"[128, 64]",72,0.0008989246562123299,0.00016560738731641322,False
0.4,128,50,5,"[128, 64]",96,0.0008996923570521176,3.270323577453382e-05,False
0.4,128,50,5,"[128, 64]",120,0.0009000914287753403,3.763280619750731e-05,False
0.4,128,50,5,"[256, 128]",48,0.0004902744549326599,7.138452201616019e-05,False
0.4,128,50,5,"[256, 128]",72,0.000569635012652725,4.5088429033057764e-05,False
0.4,128,50,5,"[256, 128]",96,0.000538611609954387,5.370474173105322e-05,False
0.4,128,50,5,"[256, 128]",120,0.0004714213719125837,1.701631299511064e-05,False
0.4,128,50,5,"[128, 64, 32]",48,0.0017019191291183233,6.376264354912564e-05,False
0.4,128,50,5,"[128, 64, 32]",72,0.0016745122848078609,3.400930290808901e-05,False
0.4,128,50,5,"[128, 64, 32]",96,0.0017176007386296988,0.00011981643183389679,False
0.4,128,50,5,"[128, 64, 32]",120,0.0017581081483513117,0.0002078819670714438,False
0.4,128,50,5,"[256, 128, 64]",48,0.0008842885144986212,0.0002019408711930737,False
0.4,128,50,5,"[256, 128, 64]",72,0.0009246848640032113,8.984455780591816e-05,False
0.4,128,50,5,"[256, 128, 64]",96,0.0009899139404296875,0.00018763965636026114,False
0.4,128,50,5,"[256, 128, 64]",120,0.0009803861612454057,4.969159999745898e-05,False
0.4,128,50,5,"[512, 256, 128]",48,0.000623711384832859,7.531142182415351e-05,False
0.4,128,50,5,"[512, 256, 128]",72,0.0005402697715908289,5.200560190132819e-05,False
0.4,128,50,5,"[512, 256, 128]",96,0.0005898612434975803,3.353477222844958e-05,False
0.4,128,50,5,"[512, 256, 128]",120,0.0005311637069098651,0.00024081426090560853,False
0.4,128,50,5,"[64, 64]",48,0.0009453277452848852,0.00015987161896191537,False
0.4,128,50,5,"[64, 64]",72,0.0009220847277902067,5.246212094789371e-05,False
0.4,128,50,5,"[64, 64]",96,0.0009248025598935783,7.178602390922606e-05,False
0.4,128,50,5,"[64, 64]",120,0.0009219832718372345,0.00013732885417994112,False
0.4,128,50,5,"[128, 128]",48,0.0005045822472311556,4.7240966523531824e-05,False
0.4,128,50,5,"[128, 128]",72,0.0005370108992792666,3.12564370688051e-05,False
0.4,128,50,5,"[128, 128]",96,0.0005230930983088911,2.5463181373197585e-05,False
0.4,128,50,5,"[128, 128]",120,0.0005503286374732852,7.27717051631771e-05,False
0.4,128,50,5,"[256, 256]",48,0.00031500932527706027,9.462665730097797e-06,False
0.4,128,50,5,"[256, 256]",72,0.00030627878732047975,6.428928463719785e-05,False
0.4,128,50,5,"[256, 256]",96,0.00031532233697362244,5.4947653552517295e-05,False
0.4,128,50,5,"[256, 256]",120,0.00040224322583526373,0.00024703374947421253,False
0.4,128,50,5,"[128, 128, 128]",48,0.0004990902380086482,9.47012085816823e-05,False
0.4,128,50,5,"[128, 128, 128]",72,0.000539066328201443,8.39715066831559e-05,False
0.4,128,50,5,"[128, 128, 128]",96,0.0004844923678319901,2.0482299078139476e-05,False
0.4,128,50,5,"[128, 128, 128]",120,0.0005242890911176801,8.901330147637054e-05,False
0.4,128,50,5,"[256, 256, 256]",48,0.00035835604649037123,6.113477138569579e-05,False
0.4,128,50,5,"[256, 256, 256]",72,0.00037093786522746086,2.382126695010811e-05,False
0.4,128,50,5,"[256, 256, 256]",96,0.00036153351538814604,2.6775711376103573e-05,False
0.4,128,50,5,"[256, 256, 256]",120,0.00042586083873175085,0.00011779119085986167,False
0.4,128,50,5,"[512, 512, 512]",48,0.00024203267821576446,7.278307748492807e-05,False
0.4,128,50,5,"[512, 512, 512]",72,0.00024386734003201127,1.0463655598869082e-05,False
0.4,128,50,5,"[512, 512, 512]",96,0.0003867221821565181,0.00019383909238968045,False
0.4,128,50,5,"[512, 512, 512]",120,0.00028005652711726725,0.00011670152161968872,False
0.4,128,50,5,"[64, 64, 32, 32]",48,0.001828384934924543,0.00013032875722274184,False
0.4,128,50,5,"[64, 64, 32, 32]",72,0.0017826368566602468,8.488174353260547e-05,False
0.4,128,50,5,"[64, 64, 32, 32]",96,0.00172930839471519,0.000505569507367909,False
0.4,128,50,5,"[64, 64, 32, 32]",120,0.0017162496224045753,0.00018828644533641636,False
0.4,128,50,5,"[128, 128, 64, 64]",48,0.0009879233548417687,0.00023460823285859078,False
0.4,128,50,5,"[128, 128, 64, 64]",72,0.000987284118309617,5.4984691814752296e-05,False
0.4,128,50,5,"[128, 128, 64, 64]",96,0.0011491253972053528,0.00018959764565806836,False
0.4,128,50,5,"[128, 128, 64, 64]",120,0.0009714261977933347,0.00010254217340843752,False
0.4,128,50,5,"[256, 256, 128, 128]",48,0.0005403193645179272,0.00012408806651365012,False
0.4,128,50,5,"[256, 256, 128, 128]",72,0.000533630489371717,4.778549919137731e-05,False
0.4,128,50,5,"[256, 256, 128, 128]",96,0.0005699863540939987,0.00036790789454244077,False
0.4,128,50,5,"[256, 256, 128, 128]",120,0.0006562729249708354,9.037456766236573e-05,False
0.4,128,50,5,"[512, 512, 256, 256]",48,0.0005669986712746322,0.0001259696582565084,False
0.4,128,50,5,"[512, 512, 256, 256]",72,0.0003673010505735874,0.00018540034943725914,False
0.4,128,50,5,"[512, 512, 256, 256]",96,0.00044587216689251363,5.747173781855963e-05,False
0.4,128,50,5,"[512, 512, 256, 256]",120,0.0005224922788329422,0.0002857767103705555,False
0.3,16,50,5,"[512, 512, 512]",72,0.0015053068054839969,0.0006725413841195405,True
0.3,16,50,5,"[512, 512, 512]",96,0.0020212261006236076,0.002904191380366683,False
0.3,16,50,5,"[512, 512, 512]",120,0.004672728944569826,0.007308421656489372,False
0.3,16,50,5,"[64, 64, 32, 32]",48,0.000997874652966857,0.0008222871110774577,False
0.3,16,50,5,"[64, 64, 32, 32]",72,0.0012618799228221178,0.0008729606051929295,False
0.3,16,50,5,"[64, 64, 32, 32]",96,0.0008621844463050365,0.0005340046482160687,True
0.3,16,50,5,"[64, 64, 32, 32]",120,0.0007363638724200428,0.0003726692229975015,True
